"bird","mean_daily_dist"
"Aurora",12.7585371983264
"Briar",13.6463921034536
"Brook",4.59663969988147
"Clover",4.70588516038881
"Iona",6.06772044929993
"Koda",15.0172067999719
"Marmalade",6.30660264530587
"Nutmeg",16.5409896792907
"Prem",10.3878945780741
"Robin",13.2617204012869
"Rove",7.07346189843243
"Sage",8.9881039854307
"Valentine",5.69817205179384
"Wobbles",2.25051935287755
