"bird","mean_daily_dist"
"Aurora",13.8858023176294
"Briar",13.8025195992279
"Brook",4.6638751572129
"Clover",4.83599893460076
"Iona",5.39419717333863
"Koda",14.8243132946063
"Marmalade",4.67141913341329
"Nutmeg",16.8131679206013
"Prem",10.7756130135233
"Robin",13.9008877857746
"Rove",7.20120451729176
"Sage",9.67201307518381
"Star",12.0290982247573
"Valentine",4.86327727472696
"Wobbles",2.2505760387913
