"id","mean_daily_dist"
"Aurora",871.401610786899
"Briar",1186.50672122551
"Brook",1204.60366622816
"Clover",466.017740603822
"Iona",290.484960981921
"Koda",538.035647015559
"Marmalade",445.008117555415
"Nutmeg",1196.45014764471
"Prem",502.642051577633
"Robin",1187.97970664628
"Rove",262.304791086609
"Sage",424.152290378052
"Star",725.323836809317
"Valentine",1137.35637433772
"Wobbles",258.112286961445
