"id","mean_daily_dist"
"Aurora",726.03212710047
"Briar",1177.9267779557
"Brook",1075.86458926286
"Clover",494.289276153581
"Iona",383.272642237889
"Koda",475.778034520789
"Marmalade",661.88393857423
"Nutmeg",1185.95967554852
"Prem",499.554608027623
"Robin",780.486743662223
"Rove",266.248579912742
"Sage",456.335174572126
"Valentine",679.454895805167
"Wobbles",276.193415950005
