"id","slope"
"Briar",0.0943550521787441
"Nutmeg",0.0550058805956219
"Aurora",0.188871571157483
"Robin",0.0652682603061935
"Iona",0.109107685563399
"Sage",0.259295289953232
"Koda",0.0521037088140302
"Brook",0.222217918455712
"Clover",0.306045027572833
"Prem",0.452908544032545
"Rove",0.731351393366042
"Valentine",0.0810129158239238
"Marmalade",0.0418218023378176
"Wobbles",0.300822011634539
